GROUP,PACKAGE,CLASS,INSTRUCTION_MISSED,INSTRUCTION_COVERED,BRANCH_MISSED,BRANCH_COVERED,LINE_MISSED,LINE_COVERED,COMPLEXITY_MISSED,COMPLEXITY_COVERED,METHOD_MISSED,METHOD_COVERED
Santorini,com.nandini.hw3,Game,226,178,33,9,55,42,26,14,9,10
Santorini,com.nandini.hw3,MinotaurWorker,0,121,8,18,0,20,8,9,0,4
Santorini,com.nandini.hw3,HephaestusWorker,6,107,4,14,1,23,4,9,0,4
Santorini,com.nandini.hw3,Board,0,55,0,6,0,10,0,5,0,2
Santorini,com.nandini.hw3,GameState,174,0,14,0,44,0,13,0,6,0
Santorini,com.nandini.hw3,App,320,0,32,0,63,0,19,0,3,0
Santorini,com.nandini.hw3,Cell,29,0,0,0,9,0,5,0,5,0
Santorini,com.nandini.hw3,DemeterWorker,4,116,5,15,1,22,5,8,0,3
Santorini,com.nandini.hw3,Game.new ArrayList() {...},15,0,0,0,1,0,1,0,1,0
Santorini,com.nandini.hw3,Square,63,147,19,19,18,34,12,24,1,16
Santorini,com.nandini.hw3,PanWorker,0,25,0,2,0,7,0,3,0,2
Santorini,com.nandini.hw3,ApolloWorker,11,65,7,5,2,17,6,3,0,3
Santorini,com.nandini.hw3,Player,58,120,8,12,14,36,12,18,7,13
Santorini,com.nandini.hw3,Worker,35,318,8,48,9,75,10,37,2,17
